Ordinal	Word	Operation	Quality	core	senses	familiar_new	construction	phraseology	decision_boundary	relation_confusable	register_stance	family_morphology	form_identity	productive_use	repair_test	TestAction	Reasons	Rationale
o0701	carve	NO_CHANGE	DEPTH_READY	PRESERVE	PRESERVE	NOT_NEEDED	PRESERVE	NOT_NEEDED	PRESERVE	NOT_NEEDED	NOT_NEEDED	NOT_NEEDED	NOT_NEEDED	NOT_NEEDED	PRESERVE	KEEP		Fresh final-sweep read + mandatory Self Attack found no allowed-gap Content mutation.
o0702	case	NO_CHANGE	DEPTH_READY	PRESERVE	PRESERVE	NOT_NEEDED	PRESERVE	NOT_NEEDED	PRESERVE	NOT_NEEDED	NOT_NEEDED	NOT_NEEDED	NOT_NEEDED	NOT_NEEDED	UPGRADED	REMOVE		Content preserved; standing Test decision changed under the frozen exact-repair-target rule.
o0703	cash	NO_CHANGE	DEPTH_READY	PRESERVE	PRESERVE	NOT_NEEDED	PRESERVE	PRESERVE	NOT_NEEDED	NOT_NEEDED	NOT_NEEDED	NOT_NEEDED	NOT_NEEDED	PRESERVE	PRESERVE	KEEP		Fresh final-sweep read + mandatory Self Attack found no allowed-gap Content mutation.
o0704	cashier	UPGRADED	DEPTH_READY	UPGRADED	UPGRADED	NOT_NEEDED	NOT_NEEDED	NOT_NEEDED	NOT_NEEDED	NOT_NEEDED	NOT_NEEDED	NOT_NEEDED	NOT_NEEDED	NOT_NEEDED	NOT_NEEDED	NONE	REDUNDANCY_NOISE	Fresh final-sweep read + mandatory Self Attack found an allowed-gap correction; see proposal.
o0705	cassette	NO_CHANGE	SAFE_SIMPLE	PRESERVE	PRESERVE	NOT_NEEDED	NOT_NEEDED	NOT_NEEDED	NOT_NEEDED	NOT_NEEDED	NOT_NEEDED	NOT_NEEDED	NOT_NEEDED	NOT_NEEDED	NOT_NEEDED	NONE		Fresh final-sweep read + mandatory Self Attack found no allowed-gap Content mutation.
o0706	cast	UPGRADED	DEPTH_READY	PRESERVE	PRESERVE	NOT_NEEDED	PRESERVE	NOT_NEEDED	PRESERVE	NOT_NEEDED	NOT_NEEDED	NOT_NEEDED	UPGRADED	NOT_NEEDED	UPGRADED	REMOVE	REGISTER_FORM_GAP	Fresh final-sweep read + mandatory Self Attack found an allowed-gap correction; see proposal.
o0707	castle	NO_CHANGE	DEPTH_READY	PRESERVE	PRESERVE	NOT_NEEDED	NOT_NEEDED	NOT_NEEDED	NOT_NEEDED	NOT_NEEDED	NOT_NEEDED	NOT_NEEDED	NOT_NEEDED	NOT_NEEDED	NOT_NEEDED	NONE		Fresh final-sweep read + mandatory Self Attack found no allowed-gap Content mutation.
o0708	casual	NO_CHANGE	DEPTH_READY	PRESERVE	PRESERVE	NOT_NEEDED	NOT_NEEDED	NOT_NEEDED	NOT_NEEDED	NOT_NEEDED	NOT_NEEDED	NOT_NEEDED	NOT_NEEDED	NOT_NEEDED	UPGRADED	REMOVE		Content preserved; standing Test decision changed under the frozen exact-repair-target rule.
o0709	casualty	UPGRADED	DEPTH_READY	PRESERVE	UPGRADED	UPGRADED	NOT_NEEDED	NOT_NEEDED	NOT_NEEDED	NOT_NEEDED	UPGRADED	NOT_NEEDED	NOT_NEEDED	NOT_NEEDED	NOT_NEEDED	NONE	COVERAGE_GAP; REGISTER_FORM_GAP; REDUNDANCY_NOISE	Fresh final-sweep read + mandatory Self Attack found an allowed-gap correction; see proposal.
o0710	cat	NO_CHANGE	SAFE_SIMPLE	PRESERVE	PRESERVE	NOT_NEEDED	NOT_NEEDED	NOT_NEEDED	NOT_NEEDED	NOT_NEEDED	NOT_NEEDED	NOT_NEEDED	NOT_NEEDED	NOT_NEEDED	NOT_NEEDED	NONE		Fresh final-sweep read + mandatory Self Attack found no allowed-gap Content mutation.
o0711	catalog	UPGRADED	DEPTH_READY	PRESERVE	PRESERVE	NOT_NEEDED	PRESERVE	NOT_NEEDED	NOT_NEEDED	UPGRADED	NOT_NEEDED	NOT_NEEDED	PRESERVE	NOT_NEEDED	NOT_NEEDED	NONE	OWNERSHIP_GAP	Fresh final-sweep read + mandatory Self Attack found an allowed-gap correction; see proposal.
o0712	catastrophe	NO_CHANGE	SAFE_SIMPLE	PRESERVE	PRESERVE	NOT_NEEDED	NOT_NEEDED	NOT_NEEDED	NOT_NEEDED	NOT_NEEDED	NOT_NEEDED	NOT_NEEDED	NOT_NEEDED	NOT_NEEDED	NOT_NEEDED	NONE		Fresh final-sweep read + mandatory Self Attack found no allowed-gap Content mutation.
o0713	catch	UPGRADED	DEPTH_READY	PRESERVE	UPGRADED	UPGRADED	UPGRADED	PRESERVE	PRESERVE	NOT_NEEDED	NOT_NEEDED	NOT_NEEDED	UPGRADED	NOT_NEEDED	UPGRADED	RETARGET	COVERAGE_GAP; STRUCTURE_GAP; REGISTER_FORM_GAP; REDUNDANCY_NOISE	Fresh final-sweep read + mandatory Self Attack found an allowed-gap correction; see proposal.
o0714	category	UPGRADED	DEPTH_READY	PRESERVE	PRESERVE	NOT_NEEDED	NOT_NEEDED	NOT_NEEDED	NOT_NEEDED	NOT_NEEDED	NOT_NEEDED	UPGRADED	NOT_NEEDED	NOT_NEEDED	NOT_NEEDED	NONE	PRODUCTIVE_VALUE_GAP	Fresh final-sweep read + mandatory Self Attack found an allowed-gap correction; see proposal.
o0715	cater	NO_CHANGE	DEPTH_READY	PRESERVE	PRESERVE	NOT_NEEDED	PRESERVE	NOT_NEEDED	PRESERVE	NOT_NEEDED	NOT_NEEDED	NOT_NEEDED	NOT_NEEDED	PRESERVE	PRESERVE	KEEP		Fresh final-sweep read + mandatory Self Attack found no allowed-gap Content mutation.
o0716	cathedral	NO_CHANGE	SAFE_SIMPLE	PRESERVE	PRESERVE	NOT_NEEDED	NOT_NEEDED	NOT_NEEDED	NOT_NEEDED	NOT_NEEDED	NOT_NEEDED	NOT_NEEDED	NOT_NEEDED	NOT_NEEDED	NOT_NEEDED	NONE		Fresh final-sweep read + mandatory Self Attack found no allowed-gap Content mutation.
o0717	catholic	NO_CHANGE	DEPTH_READY	PRESERVE	PRESERVE	NOT_NEEDED	NOT_NEEDED	NOT_NEEDED	PRESERVE	NOT_NEEDED	NOT_NEEDED	NOT_NEEDED	PRESERVE	NOT_NEEDED	PRESERVE	KEEP		Fresh final-sweep read + mandatory Self Attack found no allowed-gap Content mutation.
o0718	cattle	UPGRADED	SAFE_SIMPLE	UPGRADED	PRESERVE	NOT_NEEDED	NOT_NEEDED	NOT_NEEDED	NOT_NEEDED	NOT_NEEDED	NOT_NEEDED	NOT_NEEDED	PRESERVE	NOT_NEEDED	NOT_NEEDED	NONE	CORRECTNESS_GAP	Fresh final-sweep read + mandatory Self Attack found an allowed-gap correction; see proposal.
o0719	cause	UPGRADED	DEPTH_READY	PRESERVE	PRESERVE	PRESERVE	NOT_NEEDED	NOT_NEEDED	PRESERVE	UPGRADED	NOT_NEEDED	NOT_NEEDED	NOT_NEEDED	NOT_NEEDED	UPGRADED	REMOVE	OWNERSHIP_GAP	Fresh final-sweep read + mandatory Self Attack found an allowed-gap correction; see proposal.
o0720	caution	NO_CHANGE	DEPTH_READY	PRESERVE	PRESERVE	NOT_NEEDED	NOT_NEEDED	NOT_NEEDED	NOT_NEEDED	NOT_NEEDED	NOT_NEEDED	NOT_NEEDED	NOT_NEEDED	NOT_NEEDED	NOT_NEEDED	NONE		Fresh final-sweep read + mandatory Self Attack found no allowed-gap Content mutation.
o0721	cautious	NO_CHANGE	SAFE_SIMPLE	PRESERVE	PRESERVE	NOT_NEEDED	NOT_NEEDED	NOT_NEEDED	NOT_NEEDED	NOT_NEEDED	NOT_NEEDED	NOT_NEEDED	NOT_NEEDED	NOT_NEEDED	NOT_NEEDED	NONE		Fresh final-sweep read + mandatory Self Attack found no allowed-gap Content mutation.
o0722	cave	NO_CHANGE	DEPTH_READY	PRESERVE	PRESERVE	NOT_NEEDED	PRESERVE	NOT_NEEDED	PRESERVE	NOT_NEEDED	NOT_NEEDED	NOT_NEEDED	NOT_NEEDED	NOT_NEEDED	PRESERVE	KEEP		Fresh final-sweep read + mandatory Self Attack found no allowed-gap Content mutation.
o0723	cease	UPGRADED	DEPTH_READY	PRESERVE	UPGRADED	NOT_NEEDED	PRESERVE	NOT_NEEDED	NOT_NEEDED	NOT_NEEDED	NOT_NEEDED	NOT_NEEDED	NOT_NEEDED	NOT_NEEDED	NOT_NEEDED	NONE	CORRECTNESS_GAP	Fresh final-sweep read + mandatory Self Attack found an allowed-gap correction; see proposal.
o0724	ceiling	UPGRADED	DEPTH_READY	PRESERVE	UPGRADED	NOT_NEEDED	NOT_NEEDED	PRESERVE	PRESERVE	NOT_NEEDED	NOT_NEEDED	NOT_NEEDED	NOT_NEEDED	NOT_NEEDED	UPGRADED	REMOVE	REDUNDANCY_NOISE	Fresh final-sweep read + mandatory Self Attack found an allowed-gap correction; see proposal.
o0725	celebrate	NO_CHANGE	DEPTH_READY	PRESERVE	PRESERVE	NOT_NEEDED	NOT_NEEDED	NOT_NEEDED	PRESERVE	NOT_NEEDED	NOT_NEEDED	NOT_NEEDED	NOT_NEEDED	NOT_NEEDED	UPGRADED	REMOVE		Content preserved; standing Test decision changed under the frozen exact-repair-target rule.
o0726	celebrity	NO_CHANGE	SAFE_SIMPLE	PRESERVE	PRESERVE	NOT_NEEDED	NOT_NEEDED	NOT_NEEDED	NOT_NEEDED	NOT_NEEDED	NOT_NEEDED	NOT_NEEDED	NOT_NEEDED	NOT_NEEDED	NOT_NEEDED	NONE		Fresh final-sweep read + mandatory Self Attack found no allowed-gap Content mutation.
o0727	cell	UPGRADED	DEPTH_READY	PRESERVE	UPGRADED	UPGRADED	NOT_NEEDED	NOT_NEEDED	NOT_NEEDED	NOT_NEEDED	UPGRADED	NOT_NEEDED	NOT_NEEDED	NOT_NEEDED	NOT_NEEDED	NONE	COVERAGE_GAP; REGISTER_FORM_GAP	Fresh final-sweep read + mandatory Self Attack found an allowed-gap correction; see proposal.
o0728	cellar	NO_CHANGE	DEPTH_READY	PRESERVE	PRESERVE	NOT_NEEDED	NOT_NEEDED	NOT_NEEDED	NOT_NEEDED	NOT_NEEDED	NOT_NEEDED	NOT_NEEDED	NOT_NEEDED	NOT_NEEDED	NOT_NEEDED	NONE		Fresh final-sweep read + mandatory Self Attack found no allowed-gap Content mutation.
o0729	cement	UPGRADED	DEPTH_READY	PRESERVE	UPGRADED	NOT_NEEDED	NOT_NEEDED	PRESERVE	PRESERVE	NOT_NEEDED	NOT_NEEDED	NOT_NEEDED	NOT_NEEDED	NOT_NEEDED	UPGRADED	REMOVE	CORRECTNESS_GAP	Fresh final-sweep read + mandatory Self Attack found an allowed-gap correction; see proposal.
o0730	cemetery	NO_CHANGE	SAFE_SIMPLE	PRESERVE	PRESERVE	NOT_NEEDED	NOT_NEEDED	NOT_NEEDED	NOT_NEEDED	NOT_NEEDED	NOT_NEEDED	NOT_NEEDED	NOT_NEEDED	NOT_NEEDED	NOT_NEEDED	NONE		Fresh final-sweep read + mandatory Self Attack found no allowed-gap Content mutation.
o0731	censorship	NO_CHANGE	SAFE_SIMPLE	PRESERVE	PRESERVE	NOT_NEEDED	NOT_NEEDED	NOT_NEEDED	NOT_NEEDED	NOT_NEEDED	NOT_NEEDED	NOT_NEEDED	NOT_NEEDED	NOT_NEEDED	NOT_NEEDED	NONE		Fresh final-sweep read + mandatory Self Attack found no allowed-gap Content mutation.
o0732	census	UPGRADED	DEPTH_READY	PRESERVE	UPGRADED	NOT_NEEDED	NOT_NEEDED	NOT_NEEDED	NOT_NEEDED	NOT_NEEDED	NOT_NEEDED	NOT_NEEDED	NOT_NEEDED	NOT_NEEDED	NOT_NEEDED	NONE	REDUNDANCY_NOISE	Fresh final-sweep read + mandatory Self Attack found an allowed-gap correction; see proposal.
o0733	cent	UPGRADED	DEPTH_READY	PRESERVE	PRESERVE	NOT_NEEDED	NOT_NEEDED	NOT_NEEDED	NOT_NEEDED	UPGRADED	NOT_NEEDED	NOT_NEEDED	NOT_NEEDED	NOT_NEEDED	PRESERVE	KEEP	OWNERSHIP_GAP	Fresh final-sweep read + mandatory Self Attack found an allowed-gap correction; see proposal.
o0734	centigrade	NO_CHANGE	SAFE_SIMPLE	PRESERVE	PRESERVE	NOT_NEEDED	NOT_NEEDED	NOT_NEEDED	NOT_NEEDED	NOT_NEEDED	NOT_NEEDED	NOT_NEEDED	NOT_NEEDED	NOT_NEEDED	NOT_NEEDED	NONE		Fresh final-sweep read + mandatory Self Attack found no allowed-gap Content mutation.
o0735	centimetre	NO_CHANGE	SAFE_SIMPLE	PRESERVE	PRESERVE	NOT_NEEDED	NOT_NEEDED	NOT_NEEDED	NOT_NEEDED	NOT_NEEDED	NOT_NEEDED	NOT_NEEDED	NOT_NEEDED	NOT_NEEDED	NOT_NEEDED	NONE		Fresh final-sweep read + mandatory Self Attack found no allowed-gap Content mutation.
o0736	central	NO_CHANGE	DEPTH_READY	PRESERVE	PRESERVE	NOT_NEEDED	NOT_NEEDED	NOT_NEEDED	NOT_NEEDED	NOT_NEEDED	NOT_NEEDED	NOT_NEEDED	NOT_NEEDED	NOT_NEEDED	NOT_NEEDED	NONE		Fresh final-sweep read + mandatory Self Attack found no allowed-gap Content mutation.
o0737	centre	NO_CHANGE	DEPTH_READY	PRESERVE	PRESERVE	NOT_NEEDED	NOT_NEEDED	NOT_NEEDED	NOT_NEEDED	NOT_NEEDED	NOT_NEEDED	NOT_NEEDED	NOT_NEEDED	NOT_NEEDED	NOT_NEEDED	NONE		Fresh final-sweep read + mandatory Self Attack found no allowed-gap Content mutation.
o0738	century	NO_CHANGE	SAFE_SIMPLE	PRESERVE	PRESERVE	NOT_NEEDED	NOT_NEEDED	NOT_NEEDED	NOT_NEEDED	NOT_NEEDED	NOT_NEEDED	NOT_NEEDED	NOT_NEEDED	NOT_NEEDED	NOT_NEEDED	NONE		Fresh final-sweep read + mandatory Self Attack found no allowed-gap Content mutation.
o0739	ceremony	NO_CHANGE	DEPTH_READY	PRESERVE	PRESERVE	NOT_NEEDED	NOT_NEEDED	NOT_NEEDED	NOT_NEEDED	NOT_NEEDED	NOT_NEEDED	NOT_NEEDED	NOT_NEEDED	NOT_NEEDED	NOT_NEEDED	NONE		Fresh final-sweep read + mandatory Self Attack found no allowed-gap Content mutation.
o0740	certain	UPGRADED	DEPTH_READY	PRESERVE	PRESERVE	NOT_NEEDED	NOT_NEEDED	NOT_NEEDED	PRESERVE	UPGRADED	NOT_NEEDED	NOT_NEEDED	NOT_NEEDED	NOT_NEEDED	UPGRADED	RETARGET	OWNERSHIP_GAP	Fresh final-sweep read + mandatory Self Attack found an allowed-gap correction; see proposal.
o0741	certainty	NO_CHANGE	DEPTH_READY	PRESERVE	PRESERVE	NOT_NEEDED	NOT_NEEDED	NOT_NEEDED	NOT_NEEDED	NOT_NEEDED	NOT_NEEDED	NOT_NEEDED	NOT_NEEDED	NOT_NEEDED	NOT_NEEDED	NONE		Fresh final-sweep read + mandatory Self Attack found no allowed-gap Content mutation.
o0742	certificate	UPGRADED	DEPTH_READY	PRESERVE	UPGRADED	NOT_NEEDED	NOT_NEEDED	NOT_NEEDED	NOT_NEEDED	NOT_NEEDED	NOT_NEEDED	NOT_NEEDED	NOT_NEEDED	NOT_NEEDED	NOT_NEEDED	NONE	REDUNDANCY_NOISE	Fresh final-sweep read + mandatory Self Attack found an allowed-gap correction; see proposal.
o0743	certify	NO_CHANGE	DEPTH_READY	PRESERVE	PRESERVE	NOT_NEEDED	NOT_NEEDED	NOT_NEEDED	NOT_NEEDED	NOT_NEEDED	NOT_NEEDED	NOT_NEEDED	NOT_NEEDED	NOT_NEEDED	NOT_NEEDED	NONE		Fresh final-sweep read + mandatory Self Attack found no allowed-gap Content mutation.
o0744	chain	NO_CHANGE	DEPTH_READY	PRESERVE	PRESERVE	NOT_NEEDED	NOT_NEEDED	NOT_NEEDED	NOT_NEEDED	NOT_NEEDED	NOT_NEEDED	NOT_NEEDED	NOT_NEEDED	NOT_NEEDED	NOT_NEEDED	NONE		Fresh final-sweep read + mandatory Self Attack found no allowed-gap Content mutation.
o0745	chair	UPGRADED	DEPTH_READY	PRESERVE	UPGRADED	NOT_NEEDED	UPGRADED	NOT_NEEDED	NOT_NEEDED	NOT_NEEDED	NOT_NEEDED	NOT_NEEDED	NOT_NEEDED	NOT_NEEDED	NOT_NEEDED	NONE	STRUCTURE_GAP	Fresh final-sweep read + mandatory Self Attack found an allowed-gap correction; see proposal.
o0746	chairman	NO_CHANGE	DEPTH_READY	PRESERVE	PRESERVE	NOT_NEEDED	NOT_NEEDED	NOT_NEEDED	NOT_NEEDED	NOT_NEEDED	NOT_NEEDED	NOT_NEEDED	NOT_NEEDED	NOT_NEEDED	NOT_NEEDED	NONE		Fresh final-sweep read + mandatory Self Attack found no allowed-gap Content mutation.
o0747	chalk	NO_CHANGE	DEPTH_READY	PRESERVE	PRESERVE	NOT_NEEDED	PRESERVE	PRESERVE	PRESERVE	NOT_NEEDED	NOT_NEEDED	NOT_NEEDED	NOT_NEEDED	PRESERVE	PRESERVE	KEEP		Fresh final-sweep read + mandatory Self Attack found no allowed-gap Content mutation.
o0748	challenge	NO_CHANGE	DEPTH_READY	PRESERVE	PRESERVE	NOT_NEEDED	PRESERVE	NOT_NEEDED	PRESERVE	NOT_NEEDED	NOT_NEEDED	PRESERVE	NOT_NEEDED	PRESERVE	PRESERVE	KEEP		Fresh final-sweep read + mandatory Self Attack found no allowed-gap Content mutation.
o0749	chamber	UPGRADED	DEPTH_READY	PRESERVE	PRESERVE	NOT_NEEDED	UPGRADED	UPGRADED	PRESERVE	NOT_NEEDED	NOT_NEEDED	NOT_NEEDED	NOT_NEEDED	NOT_NEEDED	UPGRADED	REMOVE	OWNERSHIP_GAP	Fresh final-sweep read + mandatory Self Attack found an allowed-gap correction; see proposal.
o0750	champagne	NO_CHANGE	SAFE_SIMPLE	PRESERVE	PRESERVE	NOT_NEEDED	NOT_NEEDED	NOT_NEEDED	NOT_NEEDED	NOT_NEEDED	NOT_NEEDED	NOT_NEEDED	NOT_NEEDED	NOT_NEEDED	NOT_NEEDED	NONE		Fresh final-sweep read + mandatory Self Attack found no allowed-gap Content mutation.
o0751	champion	NO_CHANGE	DEPTH_READY	PRESERVE	PRESERVE	NOT_NEEDED	NOT_NEEDED	NOT_NEEDED	NOT_NEEDED	NOT_NEEDED	NOT_NEEDED	NOT_NEEDED	NOT_NEEDED	NOT_NEEDED	NOT_NEEDED	NONE		Fresh final-sweep read + mandatory Self Attack found no allowed-gap Content mutation.
o0752	chance	NO_CHANGE	DEPTH_READY	PRESERVE	PRESERVE	NOT_NEEDED	PRESERVE	NOT_NEEDED	PRESERVE	NOT_NEEDED	NOT_NEEDED	NOT_NEEDED	NOT_NEEDED	NOT_NEEDED	UPGRADED	REMOVE		Content preserved; standing Test decision changed under the frozen exact-repair-target rule.
o0753	chancellor	NO_CHANGE	DEPTH_READY	PRESERVE	PRESERVE	NOT_NEEDED	NOT_NEEDED	NOT_NEEDED	NOT_NEEDED	NOT_NEEDED	NOT_NEEDED	NOT_NEEDED	NOT_NEEDED	NOT_NEEDED	NOT_NEEDED	NONE		Fresh final-sweep read + mandatory Self Attack found no allowed-gap Content mutation.
o0754	change	UPGRADED	DEPTH_READY	UPGRADED	UPGRADED	NOT_NEEDED	PRESERVE	NOT_NEEDED	NOT_NEEDED	NOT_NEEDED	NOT_NEEDED	NOT_NEEDED	NOT_NEEDED	NOT_NEEDED	NOT_NEEDED	NONE	DECISION_GAP	Fresh final-sweep read + mandatory Self Attack found an allowed-gap correction; see proposal.
o0755	channel	NO_CHANGE	DEPTH_READY	PRESERVE	PRESERVE	NOT_NEEDED	PRESERVE	NOT_NEEDED	NOT_NEEDED	NOT_NEEDED	NOT_NEEDED	NOT_NEEDED	NOT_NEEDED	PRESERVE	PRESERVE	KEEP		Fresh final-sweep read + mandatory Self Attack found no allowed-gap Content mutation.
o0756	chaos	NO_CHANGE	DEPTH_READY	PRESERVE	PRESERVE	NOT_NEEDED	NOT_NEEDED	NOT_NEEDED	NOT_NEEDED	NOT_NEEDED	NOT_NEEDED	NOT_NEEDED	NOT_NEEDED	NOT_NEEDED	NOT_NEEDED	NONE		Fresh final-sweep read + mandatory Self Attack found no allowed-gap Content mutation.
o0757	chapter	UPGRADED	DEPTH_READY	PRESERVE	UPGRADED	NOT_NEEDED	NOT_NEEDED	NOT_NEEDED	NOT_NEEDED	NOT_NEEDED	NOT_NEEDED	NOT_NEEDED	NOT_NEEDED	NOT_NEEDED	NOT_NEEDED	NONE	REDUNDANCY_NOISE	Fresh final-sweep read + mandatory Self Attack found an allowed-gap correction; see proposal.
o0758	character	NO_CHANGE	DEPTH_READY	PRESERVE	PRESERVE	NOT_NEEDED	NOT_NEEDED	NOT_NEEDED	PRESERVE	NOT_NEEDED	NOT_NEEDED	NOT_NEEDED	NOT_NEEDED	NOT_NEEDED	UPGRADED	REMOVE		Content preserved; standing Test decision changed under the frozen exact-repair-target rule.
o0759	characterise	NO_CHANGE	DEPTH_READY	PRESERVE	PRESERVE	NOT_NEEDED	PRESERVE	NOT_NEEDED	NOT_NEEDED	NOT_NEEDED	NOT_NEEDED	PRESERVE	NOT_NEEDED	PRESERVE	PRESERVE	KEEP		Fresh final-sweep read + mandatory Self Attack found no allowed-gap Content mutation.
o0760	characteristic	NO_CHANGE	DEPTH_READY	PRESERVE	PRESERVE	NOT_NEEDED	NOT_NEEDED	NOT_NEEDED	NOT_NEEDED	NOT_NEEDED	NOT_NEEDED	NOT_NEEDED	NOT_NEEDED	NOT_NEEDED	PRESERVE	KEEP		Fresh final-sweep read + mandatory Self Attack found no allowed-gap Content mutation.
o0761	charge	UPGRADED	DEPTH_READY	PRESERVE	UPGRADED	UPGRADED	UPGRADED	NOT_NEEDED	UPGRADED	NOT_NEEDED	NOT_NEEDED	NOT_NEEDED	NOT_NEEDED	NOT_NEEDED	UPGRADED	REMOVE	COVERAGE_GAP; DECISION_GAP; STRUCTURE_GAP	Fresh final-sweep read + mandatory Self Attack found an allowed-gap correction; see proposal.
o0762	charity	NO_CHANGE	DEPTH_READY	PRESERVE	PRESERVE	NOT_NEEDED	NOT_NEEDED	NOT_NEEDED	NOT_NEEDED	NOT_NEEDED	NOT_NEEDED	NOT_NEEDED	NOT_NEEDED	NOT_NEEDED	NOT_NEEDED	NONE		Fresh final-sweep read + mandatory Self Attack found no allowed-gap Content mutation.
o0763	charm	NO_CHANGE	DEPTH_READY	PRESERVE	PRESERVE	NOT_NEEDED	NOT_NEEDED	NOT_NEEDED	NOT_NEEDED	NOT_NEEDED	NOT_NEEDED	NOT_NEEDED	NOT_NEEDED	NOT_NEEDED	NOT_NEEDED	NONE		Fresh final-sweep read + mandatory Self Attack found no allowed-gap Content mutation.
o0764	chart	NO_CHANGE	DEPTH_READY	PRESERVE	PRESERVE	NOT_NEEDED	NOT_NEEDED	NOT_NEEDED	NOT_NEEDED	NOT_NEEDED	NOT_NEEDED	NOT_NEEDED	NOT_NEEDED	NOT_NEEDED	NOT_NEEDED	NONE		Fresh final-sweep read + mandatory Self Attack found no allowed-gap Content mutation.
o0765	charter	NO_CHANGE	DEPTH_READY	PRESERVE	PRESERVE	NOT_NEEDED	NOT_NEEDED	NOT_NEEDED	NOT_NEEDED	NOT_NEEDED	NOT_NEEDED	NOT_NEEDED	NOT_NEEDED	NOT_NEEDED	NOT_NEEDED	NONE		Fresh final-sweep read + mandatory Self Attack found no allowed-gap Content mutation.
o0766	chase	NO_CHANGE	DEPTH_READY	PRESERVE	PRESERVE	NOT_NEEDED	NOT_NEEDED	NOT_NEEDED	NOT_NEEDED	NOT_NEEDED	NOT_NEEDED	NOT_NEEDED	NOT_NEEDED	NOT_NEEDED	NOT_NEEDED	NONE		Fresh final-sweep read + mandatory Self Attack found no allowed-gap Content mutation.
o0767	chat	NO_CHANGE	DEPTH_READY	PRESERVE	PRESERVE	NOT_NEEDED	NOT_NEEDED	NOT_NEEDED	NOT_NEEDED	NOT_NEEDED	NOT_NEEDED	NOT_NEEDED	NOT_NEEDED	NOT_NEEDED	NOT_NEEDED	NONE		Fresh final-sweep read + mandatory Self Attack found no allowed-gap Content mutation.
o0768	cheap	NO_CHANGE	DEPTH_READY	PRESERVE	PRESERVE	NOT_NEEDED	NOT_NEEDED	PRESERVE	PRESERVE	NOT_NEEDED	NOT_NEEDED	NOT_NEEDED	NOT_NEEDED	NOT_NEEDED	UPGRADED	REMOVE		Content preserved; standing Test decision changed under the frozen exact-repair-target rule.
o0769	cheat	NO_CHANGE	DEPTH_READY	PRESERVE	PRESERVE	NOT_NEEDED	NOT_NEEDED	NOT_NEEDED	NOT_NEEDED	NOT_NEEDED	NOT_NEEDED	NOT_NEEDED	NOT_NEEDED	NOT_NEEDED	UPGRADED	RETARGET		Content preserved; standing Test decision changed under the frozen exact-repair-target rule.
o0770	check	UPGRADED	DEPTH_READY	UPGRADED	UPGRADED	NOT_NEEDED	PRESERVE	NOT_NEEDED	PRESERVE	PRESERVE	UPGRADED	NOT_NEEDED	NOT_NEEDED	NOT_NEEDED	UPGRADED	REMOVE	DECISION_GAP; REGISTER_FORM_GAP	Fresh final-sweep read + mandatory Self Attack found an allowed-gap correction; see proposal.
o0771	cheek	UPGRADED	DEPTH_READY	PRESERVE	UPGRADED	NOT_NEEDED	NOT_NEEDED	NOT_NEEDED	NOT_NEEDED	NOT_NEEDED	UPGRADED	NOT_NEEDED	NOT_NEEDED	NOT_NEEDED	NOT_NEEDED	NONE	REGISTER_FORM_GAP; REDUNDANCY_NOISE	Fresh final-sweep read + mandatory Self Attack found an allowed-gap correction; see proposal.
o0772	cheer	UPGRADED	DEPTH_READY	PRESERVE	PRESERVE	UPGRADED	NOT_NEEDED	UPGRADED	NOT_NEEDED	NOT_NEEDED	UPGRADED	NOT_NEEDED	NOT_NEEDED	NOT_NEEDED	NOT_NEEDED	NONE	COVERAGE_GAP; PHRASEOLOGY_GAP; REGISTER_FORM_GAP	Fresh final-sweep read + mandatory Self Attack found an allowed-gap correction; see proposal.
o0773	cheese	UPGRADED	DEPTH_READY	PRESERVE	UPGRADED	NOT_NEEDED	NOT_NEEDED	NOT_NEEDED	NOT_NEEDED	NOT_NEEDED	PRESERVE	NOT_NEEDED	NOT_NEEDED	NOT_NEEDED	NOT_NEEDED	NONE	REDUNDANCY_NOISE	Fresh final-sweep read + mandatory Self Attack found an allowed-gap correction; see proposal.
o0774	chef	UPGRADED	SAFE_SIMPLE	PRESERVE	PRESERVE	NOT_NEEDED	NOT_NEEDED	NOT_NEEDED	NOT_NEEDED	NOT_NEEDED	NOT_NEEDED	NOT_NEEDED	UPGRADED	NOT_NEEDED	NOT_NEEDED	NONE	REGISTER_FORM_GAP	Fresh final-sweep read + mandatory Self Attack found an allowed-gap correction; see proposal.
o0775	chemical	NO_CHANGE	DEPTH_READY	PRESERVE	PRESERVE	NOT_NEEDED	NOT_NEEDED	PRESERVE	NOT_NEEDED	NOT_NEEDED	NOT_NEEDED	NOT_NEEDED	NOT_NEEDED	NOT_NEEDED	NOT_NEEDED	NONE		Fresh final-sweep read + mandatory Self Attack found no allowed-gap Content mutation.
o0776	chemist	NO_CHANGE	DEPTH_READY	PRESERVE	PRESERVE	NOT_NEEDED	PRESERVE	NOT_NEEDED	NOT_NEEDED	NOT_NEEDED	PRESERVE	NOT_NEEDED	NOT_NEEDED	NOT_NEEDED	UPGRADED	RETARGET		Content preserved; standing Test decision changed under the frozen exact-repair-target rule.
o0777	chemistry	NO_CHANGE	DEPTH_READY	PRESERVE	PRESERVE	NOT_NEEDED	NOT_NEEDED	NOT_NEEDED	PRESERVE	NOT_NEEDED	NOT_NEEDED	NOT_NEEDED	NOT_NEEDED	NOT_NEEDED	UPGRADED	RETARGET		Content preserved; standing Test decision changed under the frozen exact-repair-target rule.
o0778	cheque	NO_CHANGE	DEPTH_READY	PRESERVE	PRESERVE	NOT_NEEDED	NOT_NEEDED	NOT_NEEDED	NOT_NEEDED	PRESERVE	NOT_NEEDED	NOT_NEEDED	NOT_NEEDED	NOT_NEEDED	PRESERVE	KEEP		Fresh final-sweep read + mandatory Self Attack found no allowed-gap Content mutation.
o0779	cherish	NO_CHANGE	DEPTH_READY	PRESERVE	PRESERVE	NOT_NEEDED	NOT_NEEDED	NOT_NEEDED	NOT_NEEDED	NOT_NEEDED	NOT_NEEDED	NOT_NEEDED	NOT_NEEDED	NOT_NEEDED	NOT_NEEDED	NONE		Fresh final-sweep read + mandatory Self Attack found no allowed-gap Content mutation.
o0780	cherry	NO_CHANGE	DEPTH_READY	PRESERVE	PRESERVE	NOT_NEEDED	NOT_NEEDED	NOT_NEEDED	NOT_NEEDED	NOT_NEEDED	NOT_NEEDED	NOT_NEEDED	NOT_NEEDED	NOT_NEEDED	NOT_NEEDED	NONE		Fresh final-sweep read + mandatory Self Attack found no allowed-gap Content mutation.
o0781	chess	NO_CHANGE	SAFE_SIMPLE	PRESERVE	PRESERVE	NOT_NEEDED	NOT_NEEDED	NOT_NEEDED	NOT_NEEDED	NOT_NEEDED	NOT_NEEDED	NOT_NEEDED	NOT_NEEDED	NOT_NEEDED	NOT_NEEDED	NONE		Fresh final-sweep read + mandatory Self Attack found no allowed-gap Content mutation.
o0782	chest	NO_CHANGE	DEPTH_READY	PRESERVE	PRESERVE	NOT_NEEDED	NOT_NEEDED	NOT_NEEDED	NOT_NEEDED	NOT_NEEDED	NOT_NEEDED	NOT_NEEDED	NOT_NEEDED	NOT_NEEDED	NOT_NEEDED	NONE		Fresh final-sweep read + mandatory Self Attack found no allowed-gap Content mutation.
o0783	chew	UPGRADED	DEPTH_READY	PRESERVE	UPGRADED	NOT_NEEDED	PRESERVE	NOT_NEEDED	NOT_NEEDED	NOT_NEEDED	NOT_NEEDED	NOT_NEEDED	NOT_NEEDED	NOT_NEEDED	PRESERVE	KEEP	REDUNDANCY_NOISE	Fresh final-sweep read + mandatory Self Attack found an allowed-gap correction; see proposal.
o0784	chicken	NO_CHANGE	DEPTH_READY	PRESERVE	PRESERVE	NOT_NEEDED	PRESERVE	PRESERVE	PRESERVE	NOT_NEEDED	NOT_NEEDED	NOT_NEEDED	NOT_NEEDED	NOT_NEEDED	PRESERVE	KEEP		Fresh final-sweep read + mandatory Self Attack found no allowed-gap Content mutation.
o0785	chief	NO_CHANGE	DEPTH_READY	PRESERVE	PRESERVE	NOT_NEEDED	NOT_NEEDED	NOT_NEEDED	NOT_NEEDED	NOT_NEEDED	NOT_NEEDED	NOT_NEEDED	NOT_NEEDED	NOT_NEEDED	NOT_NEEDED	NONE		Fresh final-sweep read + mandatory Self Attack found no allowed-gap Content mutation.
o0786	child	UPGRADED	DEPTH_READY	PRESERVE	PRESERVE	NOT_NEEDED	NOT_NEEDED	NOT_NEEDED	NOT_NEEDED	NOT_NEEDED	NOT_NEEDED	UPGRADED	UPGRADED	NOT_NEEDED	NOT_NEEDED	NONE	PRODUCTIVE_VALUE_GAP; REGISTER_FORM_GAP	Fresh final-sweep read + mandatory Self Attack found an allowed-gap correction; see proposal.
o0787	childhood	NO_CHANGE	DEPTH_READY	PRESERVE	PRESERVE	NOT_NEEDED	NOT_NEEDED	NOT_NEEDED	NOT_NEEDED	NOT_NEEDED	NOT_NEEDED	PRESERVE	NOT_NEEDED	NOT_NEEDED	NOT_NEEDED	NONE		Fresh final-sweep read + mandatory Self Attack found no allowed-gap Content mutation.
o0788	chill	NO_CHANGE	DEPTH_READY	PRESERVE	PRESERVE	NOT_NEEDED	PRESERVE	NOT_NEEDED	NOT_NEEDED	NOT_NEEDED	NOT_NEEDED	NOT_NEEDED	NOT_NEEDED	NOT_NEEDED	PRESERVE	KEEP		Fresh final-sweep read + mandatory Self Attack found no allowed-gap Content mutation.
o0789	chimney	NO_CHANGE	SAFE_SIMPLE	PRESERVE	PRESERVE	NOT_NEEDED	NOT_NEEDED	NOT_NEEDED	NOT_NEEDED	NOT_NEEDED	NOT_NEEDED	NOT_NEEDED	NOT_NEEDED	NOT_NEEDED	NOT_NEEDED	NONE		Fresh final-sweep read + mandatory Self Attack found no allowed-gap Content mutation.
o0790	chin	NO_CHANGE	DEPTH_READY	PRESERVE	PRESERVE	NOT_NEEDED	NOT_NEEDED	NOT_NEEDED	NOT_NEEDED	NOT_NEEDED	NOT_NEEDED	NOT_NEEDED	NOT_NEEDED	NOT_NEEDED	NOT_NEEDED	NONE		Fresh final-sweep read + mandatory Self Attack found no allowed-gap Content mutation.
o0791	china	UPGRADED	DEPTH_READY	PRESERVE	UPGRADED	NOT_NEEDED	NOT_NEEDED	NOT_NEEDED	NOT_NEEDED	NOT_NEEDED	NOT_NEEDED	NOT_NEEDED	PRESERVE	NOT_NEEDED	PRESERVE	KEEP	CORRECTNESS_GAP	Fresh final-sweep read + mandatory Self Attack found an allowed-gap correction; see proposal.
o0792	chip	UPGRADED	DEPTH_READY	PRESERVE	PRESERVE	UPGRADED	UPGRADED	NOT_NEEDED	NOT_NEEDED	NOT_NEEDED	PRESERVE	NOT_NEEDED	NOT_NEEDED	UPGRADED	UPGRADED	REMOVE	COVERAGE_GAP; STRUCTURE_GAP; PRODUCTIVE_VALUE_GAP	Fresh final-sweep read + mandatory Self Attack found an allowed-gap correction; see proposal.
o0793	chocolate	NO_CHANGE	DEPTH_READY	PRESERVE	PRESERVE	NOT_NEEDED	NOT_NEEDED	NOT_NEEDED	NOT_NEEDED	NOT_NEEDED	NOT_NEEDED	NOT_NEEDED	NOT_NEEDED	NOT_NEEDED	NOT_NEEDED	NONE		Fresh final-sweep read + mandatory Self Attack found no allowed-gap Content mutation.
o0794	choice	UPGRADED	DEPTH_READY	PRESERVE	UPGRADED	NOT_NEEDED	NOT_NEEDED	UPGRADED	NOT_NEEDED	NOT_NEEDED	NOT_NEEDED	NOT_NEEDED	NOT_NEEDED	NOT_NEEDED	UPGRADED	REMOVE	CORRECTNESS_GAP; REDUNDANCY_NOISE	Fresh final-sweep read + mandatory Self Attack found an allowed-gap correction; see proposal.
o0795	choir	UPGRADED	SAFE_SIMPLE	PRESERVE	PRESERVE	NOT_NEEDED	NOT_NEEDED	NOT_NEEDED	NOT_NEEDED	NOT_NEEDED	NOT_NEEDED	NOT_NEEDED	UPGRADED	NOT_NEEDED	NOT_NEEDED	NONE	REGISTER_FORM_GAP	Fresh final-sweep read + mandatory Self Attack found an allowed-gap correction; see proposal.
o0796	choke	NO_CHANGE	DEPTH_READY	PRESERVE	PRESERVE	NOT_NEEDED	NOT_NEEDED	NOT_NEEDED	NOT_NEEDED	NOT_NEEDED	NOT_NEEDED	NOT_NEEDED	NOT_NEEDED	NOT_NEEDED	UPGRADED	RETARGET		Content preserved; standing Test decision changed under the frozen exact-repair-target rule.
o0797	choose	UPGRADED	DEPTH_READY	PRESERVE	PRESERVE	NOT_NEEDED	NOT_NEEDED	NOT_NEEDED	NOT_NEEDED	NOT_NEEDED	NOT_NEEDED	NOT_NEEDED	UPGRADED	NOT_NEEDED	NOT_NEEDED	NONE	REGISTER_FORM_GAP	Fresh final-sweep read + mandatory Self Attack found an allowed-gap correction; see proposal.
o0798	chop	NO_CHANGE	DEPTH_READY	PRESERVE	PRESERVE	NOT_NEEDED	NOT_NEEDED	NOT_NEEDED	NOT_NEEDED	NOT_NEEDED	NOT_NEEDED	NOT_NEEDED	NOT_NEEDED	NOT_NEEDED	NOT_NEEDED	NONE		Fresh final-sweep read + mandatory Self Attack found no allowed-gap Content mutation.
o0799	chorus	UPGRADED	DEPTH_READY	PRESERVE	UPGRADED	NOT_NEEDED	NOT_NEEDED	NOT_NEEDED	NOT_NEEDED	NOT_NEEDED	NOT_NEEDED	NOT_NEEDED	NOT_NEEDED	NOT_NEEDED	NOT_NEEDED	NONE	CORRECTNESS_GAP	Fresh final-sweep read + mandatory Self Attack found an allowed-gap correction; see proposal.
o0800	christ	NO_CHANGE	DEPTH_READY	PRESERVE	PRESERVE	NOT_NEEDED	NOT_NEEDED	NOT_NEEDED	NOT_NEEDED	NOT_NEEDED	NOT_NEEDED	NOT_NEEDED	PRESERVE	NOT_NEEDED	NOT_NEEDED	NONE		Fresh final-sweep read + mandatory Self Attack found no allowed-gap Content mutation.
